id,old_filename,result,confidence
full_1200_1,MDZ086.JPG,0086,0.94
full_1200_2,MDZ086_1.JPG,0086,0.92
full_1200_3,MDZ086_2.JPG,0086,0.93
full_1200_4,MDZ087 _1.JPG,0087,0.96
full_1200_5,MDZ087 _10.JPG,0087,0.96
full_1200_6,MDZ087 _11.JPG,0087,0.96
full_1200_7,MDZ087 _12.JPG,0087,0.96
full_1200_8,MDZ087 _2.JPG,0087,0.96
full_1200_9,MDZ087 _3.JPG,0087,0.95
full_1200_10,MDZ087 _4.JPG,0087,0.94
full_1200_11,MDZ087 _5.JPG,0587,0.66
full_1200_12,MDZ087 _6.JPG,0087,0.95
full_1200_13,MDZ087 _7.JPG,0087,0.61
full_1200_14,MDZ087 _8.JPG,0087,0.96
full_1200_15,MDZ087 _9.JPG,0087,0.95
full_1200_16,MDZ087.JPG,0087,0.96
full_1200_17,MDZ087_2.JPG,0087,0.96
full_1200_18,MDZ087_3.JPG,0087,0.96
full_1200_19,MDZ088 _1.JPG,0088,0.97
full_1200_20,MDZ088 _2.JPG,0088,0.96
full_1200_21,MDZ088 _3.JPG,0008,0.23
full_1200_22,MDZ088 _4.JPG,!MDZ088 _4.JPG,0.0
full_1200_23,MDZ088 _5.JPG,0088,0.96
full_1200_24,MDZ088 _6.JPG,!MDZ088 _6.JPG,0.41
full_1200_25,MDZ088 _7.JPG,1212,0.49
full_1200_26,MDZ088.JPG,0088,0.94
full_1200_27,MDZ088_1.JPG,0088,0.95
full_1200_28,MDZ089 _1.JPG,0089,0.95
full_1200_29,MDZ089 _2.JPG,0089,0.96
full_1200_30,MDZ089 _3.JPG,0089,0.94
full_1200_31,MDZ089 _4.JPG,0089,0.95
full_1200_32,MDZ089 _5.JPG,!MDZ089 _5.JPG,0.0
full_1200_33,MDZ089 _6.JPG,!MDZ089 _6.JPG,0.0
full_1200_34,MDZ089 _7.JPG,0089,0.95
full_1200_35,MDZ089 _8.JPG,0089,0.94
full_1200_36,MDZ089.JPG,0089,0.93
full_1200_37,MDZ090 _1.JPG,0090,0.94
full_1200_38,MDZ090 _2.JPG,0090,0.93
full_1200_39,MDZ090 _3.JPG,0090,0.91
full_1200_40,MDZ090 _4.JPG,0090,0.91
full_1200_41,MDZ090 _5.JPG,0090,0.9
full_1200_42,MDZ090 _6.JPG,!MDZ090 _6.JPG,0.0
full_1200_43,MDZ090 _7.JPG,0090,0.93
full_1200_44,MDZ090 _8.JPG,0020,0.7
full_1200_45,MDZ090 _9.JPG,0090,0.93
full_1200_46,MDZ091 _1.JPG,0091,0.86
full_1200_47,MDZ091 _2.JPG,0091,0.92
full_1200_48,MDZ091 _3.JPG,0091,0.95
full_1200_49,MDZ091 _4.JPG,!MDZ091 _4.JPG,0.0
full_1200_50,MDZ091 _5.JPG,!MDZ091 _5.JPG,0.0
full_1200_51,MDZ091 _6.JPG,0091,0.93
full_1200_52,MDZ091 _7.JPG,0091,0.97
full_1200_53,MDZ091 _8.JPG,0007,0.78
full_1200_54,MDZ092 _1.JPG,0092,0.94
full_1200_55,MDZ092 _2.JPG,0092,0.91
full_1200_56,MDZ092 _3.JPG,0092,0.94
full_1200_57,MDZ092 _4.JPG,0092,0.94
full_1200_58,MDZ092 _5.JPG,0092,0.93
full_1200_59,MDZ092 _6.JPG,0092,0.92
full_1200_60,MDZ092 _7.JPG,0092,0.92
full_1200_61,MDZ093 _1.JPG,0093,0.96
full_1200_62,MDZ093 _2.JPG,0093,0.94
full_1200_63,MDZ093 _3.JPG,0093,0.84
full_1200_64,MDZ093 _4.JPG,0093,0.94
full_1200_65,MDZ093 _5.JPG,0093,0.94
full_1200_66,MDZ093 _6.JPG,0093,0.94
full_1200_67,MDZ093 _7.JPG,0093,0.93
full_1200_68,MDZ093 _8.JPG,0093,0.95
full_1200_69,MDZ093 _9.JPG,0093,0.59
full_1200_70,MDZ094 _1.JPG,0094,0.94
full_1200_71,MDZ094 _10.JPG,0094,0.94
full_1200_72,MDZ094 _2.JPG,0094,0.96
full_1200_73,MDZ094 _3.JPG,0094,0.96
full_1200_74,MDZ094 _4.JPG,0094,0.96
full_1200_75,MDZ094 _5.JPG,0094,0.96
full_1200_76,MDZ094 _6.JPG,0094,0.94
full_1200_77,MDZ094 _7.JPG,0094,0.94
full_1200_78,MDZ094 _8.JPG,0094,0.85
full_1200_79,MDZ094 _9.JPG,0094,0.96
full_1200_80,MDZ095 _1.JPG,1212,0.9
full_1200_81,MDZ095 _2.JPG,0095,0.94
full_1200_82,MDZ095 _3.JPG,7125,0.63
full_1200_83,MDZ095_3.JPG,0091,0.76
full_1200_84,MDZ095_4.JPG,0009,0.88
full_1200_85,MDZ095_5.JPG,0095,0.86
full_1200_86,MDZ096 _1.JPG,0012,0.38
full_1200_87,MDZ096 _2.JPG,0096,0.81
full_1200_88,MDZ096 _3.JPG,0096,0.91
full_1200_89,MDZ096 _4.JPG,0096,0.96
full_1200_90,MDZ096 _5.JPG,0096,0.95
full_1200_91,MDZ096 _6.JPG,0096,0.94
full_1200_92,MDZ096 _7.JPG,0096,0.94
full_1200_93,MDZ096 _8.JPG,0096,0.85
full_1200_94,MDZ097 _1.JPG,0097,0.92
full_1200_95,MDZ097 _2.JPG,0097,0.89
full_1200_96,MDZ097 _3.JPG,0097,0.92
full_1200_97,MDZ097_3.JPG,0097,0.5
full_1200_98,MDZ097_4.JPG,0097,0.95
full_1200_99,MDZ098.JPG,0098,0.95
full_1200_100,MDZ098_1.JPG,0098,0.95
full_1200_101,MDZ098_10.JPG,0128,0.85
full_1200_102,MDZ098_2.JPG,0098,0.95
full_1200_103,MDZ098_20.JPG,0098,0.93
full_1200_104,MDZ098_30.JPG,0098,0.89
full_1200_105,MDZ098_40.JPG,0098,0.87
full_1200_106,MDZ099_1.JPG,0099,0.93
full_1200_107,MDZ099_2.JPG,0099,0.94
full_1200_108,MDZ099_3.JPG,0099,0.94
full_1200_109,MDZ099_4.JPG,0099,0.93
full_1200_110,MDZ099_5.JPG,0099,0.86
full_1200_111,MDZ100.JPG,0100,0.88
full_1200_112,MDZ100_1.JPG,0100,0.96
full_1200_113,MDZ100_2.JPG,0100,0.96
full_1200_114,MDZ100_3.JPG,1012,0.89
full_1200_115,MDZ100_4.JPG,0100,0.93
full_1200_116,MDZ100_5.JPG,0100,0.93
full_1200_117,MDZ100_6.JPG,0100,0.92
full_1200_118,MDZ100_7.JPG,0100,0.92
full_1200_119,MDZ101_1.JPG,0101,0.94
full_1200_120,MDZ101_2.JPG,0101,0.95
full_1200_121,MDZ102_1.JPG,0102,0.93
full_1200_122,MDZ102_2.JPG,0102,0.93
full_1200_123,MDZ103_1.JPG,0103,0.92
full_1200_124,MDZ103_2.JPG,0103,0.88
full_1200_125,MDZ103_3.JPG,0103,0.94
full_1200_126,MDZ103_4.JPG,1123,0.7
full_1200_127,MDZ103_5.JPG,0103,0.93
full_1200_128,MDZ103_6.JPG,0103,0.95
full_1200_129,MDZ104_1.JPG,0104,0.91
full_1200_130,MDZ104_2.JPG,0104,0.9
full_1200_131,MDZ104_3.JPG,0104,0.95
full_1200_132,MDZ104_4.JPG,0104,0.95
full_1200_133,MDZ104_5.JPG,0104,0.95
full_1200_134,MDZ104_6.JPG,0104,0.95
full_1200_135,MDZ104_7.JPG,0104,0.95
full_1200_136,MDZ105_1.JPG,0105,0.95
full_1200_137,MDZ105_2.JPG,0105,0.94
full_1200_138,MDZ105_3.JPG,0105,0.93
full_1200_139,MDZ105_4.JPG,0105,0.92
full_1200_140,MDZ105_5.jpeg,!MDZ105_5.jpeg,0.0
full_1200_141,MDZ105_6.jpeg,!MDZ105_6.jpeg,0.0
full_1200_142,MDZ106_1.JPG,0106,0.84
full_1200_143,MDZ106_10.JPG,0106,0.94
full_1200_144,MDZ106_2.JPG,0106,0.94
full_1200_145,MDZ106_3.JPG,0106,0.95
full_1200_146,MDZ106_4.JPG,0106,0.94
full_1200_147,MDZ106_5.JPG,0106,0.93
full_1200_148,MDZ106_6.JPG,0106,0.93
full_1200_149,MDZ106_7.JPG,0106,0.94
full_1200_150,MDZ106_8.JPG,0106,0.95
full_1200_151,MDZ106_9.JPG,0106,0.89
full_1200_152,MDZ107_1.JPG,0107,0.93
full_1200_153,MDZ107_2.JPG,0107,0.94
full_1200_154,MDZ107_3.JPG,0107,0.92
full_1200_155,MDZ107_4.JPG,0107,0.92
full_1200_156,MDZ107_5.JPG,0107,0.94
full_1200_157,MDZ108_1.JPG,0108,0.94
full_1200_158,MDZ108_2.JPG,0108,0.94
full_1200_159,MDZ108_3.JPG,0108,0.95
full_1200_160,MDZ108_4.JPG,0108,0.95
full_1200_161,MDZ108_5.JPG,0108,0.96
full_1200_162,MDZ108_6.JPG,0108,0.95
full_1200_163,MDZ108_7.JPG,0108,0.72
full_1200_164,MDZ108_8.JPG,0108,0.96
full_1200_165,MDZ109_1.JPG,0097,0.88
full_1200_166,MDZ109_2.JPG,0109,0.88
full_1200_167,MDZ109_3.JPG,0109,0.93
full_1200_168,MDZ110_1.JPG,0110,0.94
full_1200_169,MDZ110_2.JPG,0110,0.94
full_1200_170,MDZ110_3.JPG,0110,0.9
full_1200_171,MDZ110_4.JPG,0110,0.93
full_1200_172,MDZ111_1.JPG,0111,0.96
full_1200_173,MDZ111_2.JPG,0111,0.96
full_1200_174,MDZ111_3.JPG,0111,0.96
full_1200_175,MDZ111_4.JPG,0111,0.94
full_1200_176,MDZ112_1.JPG,0112,0.95
full_1200_177,MDZ112_10.JPG,0112,0.93
full_1200_178,MDZ112_11.JPG,0112,0.95
full_1200_179,MDZ112_2.JPG,0112,0.95
full_1200_180,MDZ112_3.JPG,0112,0.95
full_1200_181,MDZ112_4.JPG,0112,0.95
full_1200_182,MDZ112_5.JPG,0112,0.94
full_1200_183,MDZ112_6.JPG,0112,0.96
full_1200_184,MDZ112_7.JPG,0112,0.95
full_1200_185,MDZ112_8.JPG,0112,0.95
full_1200_186,MDZ112_9.JPG,0112,0.94
full_1200_187,MDZ113_1.JPG,0113,0.95
full_1200_188,MDZ113_2.JPG,0113,0.95
full_1200_189,MDZ113_3.JPG,0113,0.97
full_1200_190,MDZ113_4.JPG,0113,0.77
full_1200_191,MDZ113_5.JPG,9113,0.77
full_1200_192,MDZ113_6.JPG,0113,0.93
full_1200_193,MDZ114_1.JPG,0114,0.96
full_1200_194,MDZ114_2.JPG,0114,0.96
full_1200_195,MDZ114_3.JPG,0114,0.97
full_1200_196,MDZ114_4.JPG,0114,0.96
full_1200_197,MDZ114_5.JPG,0114,0.94
full_1200_198,MDZ114_6.JPG,0114,0.97
full_1200_199,MDZ114_7.JPG,0114,0.93
full_1200_200,MDZ114_8.JPG,0114,0.89
full_1200_201,MDZ115_1.JPG,0115,0.96
full_1200_202,MDZ115_2.JPG,0115,0.95
full_1200_203,MDZ115_3.JPG,0115,0.91
full_1200_204,MDZ115_4.JPG,0115,0.9
full_1200_205,MDZ116_1.JPG,0116,0.96
full_1200_206,MDZ116_2.JPG,0116,0.95
full_1200_207,MDZ116_3.JPG,0116,0.97
full_1200_208,MDZ116_4.JPG,0016,0.94
full_1200_209,MDZ117_1.JPG,0117,0.93
full_1200_210,MDZ117_2.JPG,0117,0.95
full_1200_211,MDZ118_1.JPG,0118,0.93
full_1200_212,MDZ118_2.JPG,0118,0.95
full_1200_213,MDZ118_3.JPG,0118,0.92
full_1200_214,MDZ119.JPG,0109,0.81
full_1200_215,MDZ119_1.JPG,9119,0.75
full_1200_216,MDZ119_2.JPG,0119,0.93
full_1200_217,MDZ119_3.JPG,0119,0.93
full_1200_218,MDZ119_4.JPG,0119,0.94
full_1200_219,MDZ119_5.JPG,0119,0.92
full_1200_220,MDZ120_1.JPG,0120,0.93
full_1200_221,MDZ120_2.JPG,0120,0.94
full_1200_222,MDZ120_3.JPG,0120,0.94
full_1200_223,MDZ120_4.JPG,0120,0.91
full_1200_224,MDZ120_5.JPG,0120,0.94
full_1200_225,MDZ120_6.JPG,0120,0.93
full_1200_226,MDZ120_7.JPG,0120,0.94
full_1200_227,MDZ120_8.JPG,0120,0.93
full_1200_228,MDZ121_1.JPG,0121,0.94
full_1200_229,MDZ121_2.JPG,0121,0.94
full_1200_230,MDZ121_3.JPG,0121,0.95
full_1200_231,MDZ121_4.JPG,0121,0.95
full_1200_232,MDZ121_5.jpeg,!MDZ121_5.jpeg,0.0
full_1200_233,MDZ121_5.JPG,!MDZ121_5.JPG,0.5
full_1200_234,MDZ122_1.JPG,0122,0.92
full_1200_235,MDZ122_2.JPG,0122,0.94
full_1200_236,MDZ122_3.JPG,0122,0.95
full_1200_237,MDZ122_4.JPG,0122,0.95
full_1200_238,MDZ123.JPG,0123,0.94
full_1200_239,MDZ124_1.JPG,0124,0.91
full_1200_240,MDZ124_2.JPG,0724,0.62
full_1200_241,MDZ124_3.JPG,1247,0.9
full_1200_242,MDZ124_4.JPG,0124,0.95
full_1200_243,MDZ124_5.JPG,0124,0.89
full_1200_244,MDZ124_6.JPG,0124,0.95
full_1200_245,MDZ124_7.JPG,0124,0.92
full_1200_246,MDZ124_8.JPG,0124,0.95
full_1200_247,MDZ124_9.JPG,0124,0.96
full_1200_248,MDZ125_1.JPG,0125,0.92
full_1200_249,MDZ125_2.JPG,0125,0.9
full_1200_250,MDZ125_3.JPG,0125,0.93
full_1200_251,MDZ125_4.JPG,!MDZ125_4.JPG,0.0
full_1200_252,MDZ125_5.JPG,0125,0.95
full_1200_253,MDZ125_6.JPG,0125,0.95
full_1200_254,MDZ125_7.jpeg,!MDZ125_7.jpeg,0.0
full_1200_255,MDZ125_8.jpeg,!MDZ125_8.jpeg,0.0
full_1200_256,MDZ125_9.jpeg,!MDZ125_9.jpeg,0.0
full_1200_257,MDZ126_1.JPG,0126,0.93
full_1200_258,MDZ126_2.JPG,0126,0.93
full_1200_259,MDZ126_3.JPG,0126,0.96
full_1200_260,MDZ126_4.JPG,0012,0.91
full_1200_261,MDZ126_5.JPG,0016,0.93
full_1200_262,MDZ126_6.JPG,0126,0.94
full_1200_263,MDZ126_7.JPG,0126,0.94
full_1200_264,MDZ127_1.JPG,0127,0.95
full_1200_265,MDZ127_2.JPG,0127,0.95
full_1200_266,MDZ128_1.JPG,0128,0.94
full_1200_267,MDZ128_2.JPG,0128,0.95
full_1200_268,MDZ128_3.JPG,0128,0.93
full_1200_269,MDZ129_1.JPG,0129,0.87
full_1200_270,MDZ129_2.JPG,0129,0.92
full_1200_271,MDZ129_3.JPG,0129,0.92
full_1200_272,MDZ129_4.JPG,0129,0.85
full_1200_273,MDZ130_1.JPG,0130,0.91
full_1200_274,MDZ130_2.JPG,0130,0.95
full_1200_275,MDZ130_3.JPG,0130,0.94
full_1200_276,MDZ130_4.JPG,0730,0.92
full_1200_277,MDZ130_5.jpeg,!MDZ130_5.jpeg,0.0
full_1200_278,MDZ130_6.jpeg,!MDZ130_6.jpeg,0.0
full_1200_279,MDZ130_7.jpeg,!MDZ130_7.jpeg,0.0
full_1200_280,MDZ130_8.jpeg,!MDZ130_8.jpeg,0.0
full_1200_281,MDZ131_1.JPG,0131,0.95
full_1200_282,MDZ131_2.JPG,0131,0.93
full_1200_283,MDZ131_3.JPG,0131,0.95
full_1200_284,MDZ131_4.JPG,0131,0.92
full_1200_285,MDZ132_1.JPG,0132,0.94
full_1200_286,MDZ132_2.JPG,0132,0.95
full_1200_287,MDZ132_3.JPG,0132,0.95
full_1200_288,MDZ132_5.JPG,0132,0.93
full_1200_289,MDZ132_6.JPG,0132,0.92
full_1200_290,MDZ133_1.JPG,0133,0.95
full_1200_291,MDZ133_2.JPG,0133,0.93
full_1200_292,MDZ133_3.JPG,0133,0.95
full_1200_293,MDZ133_4.jpeg,!MDZ133_4.jpeg,0.0
full_1200_294,MDZ134_1.JPG,0134,0.94
full_1200_295,MDZ134_2.JPG,0134,0.91
full_1200_296,MDZ134_3.JPG,0134,0.95
full_1200_297,MDZ134_4.JPG,0134,0.95
full_1200_298,MDZ134_5.JPG,0134,0.95
full_1200_299,MDZ135_1.JPG,0135,0.95
full_1200_300,MDZ135_2.JPG,0135,0.96
full_1200_301,MDZ135_3.JPG,0135,0.96
full_1200_302,MDZ135_4.JPG,0135,0.91
full_1200_303,MDZ136_1.JPG,0136,0.95
full_1200_304,MDZ136_2.JPG,0136,0.94
full_1200_305,MDZ136_3.JPG,0136,0.94
full_1200_306,MDZ136_4.JPG,0136,0.96
full_1200_307,MDZ137_1.JPG,0137,0.94
full_1200_308,MDZ137_2.JPG,0137,0.93
full_1200_309,MDZ137_3.JPG,0137,0.94
full_1200_310,MDZ137_4.JPG,0137,0.93
full_1200_311,MDZ138_1.JPG,0138,0.94
full_1200_312,MDZ138_2.JPG,0138,0.96
full_1200_313,MDZ138_3.JPG,0138,0.96
full_1200_314,MDZ139_1.JPG,0139,0.94
full_1200_315,MDZ139_2.JPG,0139,0.94
full_1200_316,MDZ140.JPG,0140,0.89
full_1200_317,MDZ140_1.JPG,0140,0.88
full_1200_318,MDZ141.JPG,0141,0.94
full_1200_319,MDZ141_1.JPG,0141,0.94
full_1200_320,MDZ142.JPG,0142,0.94
full_1200_321,MDZ143.JPG,0143,0.95
full_1200_322,MDZ143_1.JPG,0143,0.95
full_1200_323,MDZ143_2.JPG,0143,0.95
full_1200_324,MDZ144.JPG,0144,0.9
full_1200_325,MDZ144_1.JPG,0144,0.94
full_1200_326,MDZ144_2.JPG,0144,0.94
full_1200_327,MDZ145.JPG,0145,0.92
full_1200_328,MDZ145_1.JPG,0145,0.93
full_1200_329,MDZ145_2.JPG,0145,0.95
full_1200_330,MDZ145_3.JPG,0145,0.93
full_1200_331,MDZ145_4.JPG,0145,0.96
full_1200_332,MDZ145_5.JPG,0145,0.95
full_1200_333,MDZ146.JPG,0146,0.93
full_1200_334,MDZ146_1.JPG,0146,0.95
full_1200_335,MDZ146_2.JPG,0146,0.93
full_1200_336,MDZ147.JPG,0147,0.94
full_1200_337,MDZ147_1.JPG,0147,0.94
full_1200_338,MDZ147_2.JPG,0147,0.94
full_1200_339,MDZ147_3.JPG,0147,0.92
full_1200_340,MDZ147_4.JPG,0147,0.93
full_1200_341,MDZ148.JPG,0148,0.92
full_1200_342,MDZ148_1.JPG,0148,0.94
full_1200_343,MDZ149.JPG,0149,0.95
full_1200_344,MDZ149_1.JPG,0149,0.96
full_1200_345,MDZ150.JPG,0150,0.93
full_1200_346,MDZ150_1.JPG,0150,0.93
full_1200_347,MDZ150_2.JPG,0150,0.93
full_1200_348,MDZ151.JPG,0151,0.93
full_1200_349,MDZ151_1.JPG,0151,0.95
full_1200_350,MDZ151_2.JPG,0151,0.94
full_1200_351,MDZ152.JPG,0152,0.92
full_1200_352,MDZ152_1.JPG,0152,0.92
full_1200_353,MDZ152_2.JPG,0152,0.9
full_1200_354,MDZ153.JPG,0153,0.95
full_1200_355,MDZ153_1.JPG,0153,0.95
full_1200_356,MDZ154.JPG,0154,0.92
full_1200_357,MDZ154_1.JPG,0154,0.94
full_1200_358,MDZ154_2.JPG,0154,0.91
full_1200_359,MDZ155.JPG,0155,0.91
full_1200_360,MDZ155_1.JPG,0155,0.92
full_1200_361,MDZ155_2.JPG,0155,0.92
full_1200_362,MDZ156.JPG,0156,0.95
full_1200_363,MDZ156_1.JPG,0156,0.89
full_1200_364,MDZ156_2.JPG,0156,0.93
full_1200_365,MDZ157.JPG,0157,0.88
full_1200_366,MDZ157_1.JPG,0157,0.88
full_1200_367,MDZ157_2.JPG,0157,0.86
full_1200_368,MDZ157_3.JPG,0157,0.89
full_1200_369,MDZ158.JPG,0158,0.93
full_1200_370,MDZ158_1.JPG,0158,0.94
full_1200_371,MDZ159.JPG,0159,0.93
full_1200_372,MDZ159_1.JPG,0159,0.9
full_1200_373,MDZ160.JPG,0160,0.94
full_1200_374,MDZ160_1.JPG,0160,0.94
full_1200_375,MDZ160_2.JPG,0160,0.95
full_1200_376,MDZ161.JPG,0161,0.91
full_1200_377,MDZ161_1.JPG,0161,0.88
full_1200_378,MDZ161_2.JPG,0161,0.89
full_1200_379,MDZ162.JPG,0162,0.95
full_1200_380,MDZ162_1.JPG,0162,0.95
full_1200_381,MDZ163.JPG,0163,0.94
full_1200_382,MDZ163_1.JPG,0163,0.92
full_1200_383,MDZ163_2.JPG,0163,0.94
full_1200_384,MDZ164.JPG,0164,0.94
full_1200_385,MDZ164a.JPG,!MDZ164a.JPG,0.81
full_1200_386,MDZ164a_1.JPG,!MDZ164a_1.JPG,0.88
full_1200_387,MDZ164a_2.JPG,!MDZ164a_2.JPG,0.88
full_1200_388,MDZ164a_3.JPG,!MDZ164a_3.JPG,0.88
full_1200_389,MDZ164_1.JPG,0164,0.95
full_1200_390,MDZ164_2.JPG,0164,0.92
full_1200_391,MDZ164_4.JPG,0164,0.95
full_1200_392,MDZ165.JPG,0165,0.93
full_1200_393,MDZ165_1.JPG,0165,0.91
full_1200_394,MDZ166.JPG,0166,0.93
full_1200_395,MDZ166_1.JPG,0166,0.93
full_1200_396,MDZ167.JPG,0167,0.86
full_1200_397,MDZ167_1.JPG,0167,0.83
full_1200_398,MDZ168.JPG,0168,0.94
full_1200_399,MDZ168_1.JPG,0168,0.95
full_1200_400,MDZ168_2.JPG,0168,0.96
full_1200_401,MDZ168_3.JPG,0168,0.92
full_1200_402,MDZ168_4.JPG,0168,0.95
full_1200_403,MDZ169.JPG,0169,0.91
full_1200_404,MDZ169_1.JPG,0169,0.92
full_1200_405,MDZ170.JPG,0170,0.92
full_1200_406,MDZ170_1.JPG,0170,0.91
full_1200_407,MDZ170_2.JPG,0170,0.93
full_1200_408,MDZ171.JPG,0171,0.93
full_1200_409,MDZ171_1.JPG,0171,0.94
full_1200_410,MDZ171_2.JPG,0171,0.94
full_1200_411,MDZ172.JPG,0172,0.92
full_1200_412,MDZ172_1.JPG,0172,0.91
full_1200_413,QBA1001a_6.JPG,!QBA1001a_6.JPG,0.87
full_1200_414,QBA1011_1.JPG,1011,0.93
full_1200_415,QBA1011_4.JPG,1011,0.93
full_1200_416,QBA1014_1.JPG,1014,0.9
full_1200_417,QBA1017.JPG,1017,0.92
full_1200_418,QBA1017_2.JPG,1017,0.92
full_1200_419,QBA1018_3.JPG,1018,0.91
full_1200_420,QBA1019_3.JPG,0004,0.26
full_1200_421,QBA1049.JPG,0249,0.84
full_1200_422,QBA1061.JPG,1061,0.93
full_1200_423,QBA1061_6.JPG,0009,0.88
full_1200_424,QBA1067_2.JPG,!QBA1067_2.JPG,0.69
full_1200_425,QBA1070a.JPG,!QBA1070a.JPG,0.62
full_1200_426,QBA1073.JPG,0107,0.85
full_1200_427,QBA1074_5.JPG,1074,0.92
full_1200_428,QBA1076a_9.JPG,!QBA1076a_9.JPG,0.91
full_1200_429,QBA1084.JPG,1084,0.86
full_1200_430,QBA1087_2.JPG,1087,0.9
full_1200_431,QBA1095_4.JPG,0095,0.9
full_1200_432,QBA1096a_1.JPG,!QBA1096a_1.JPG,0.67
full_1200_433,QBA1096a_2.JPG,!QBA1096a_2.JPG,0.49
full_1200_434,QBA1101_6.JPG,1101,0.95
full_1200_435,QBA1102_7.JPG,0102,0.89
full_1200_436,QBA1115_2.JPG,1115,0.91
full_1200_437,QBA1141_1.JPG,!QBA1141_1.JPG,0.48
full_1200_438,QBA1149.JPG,1149,0.94
full_1200_439,QBA1153_1.JPG,1153,0.9
full_1200_440,QBA1156.JPG,1156,0.91
full_1200_441,QBA1156_10.JPG,7756,0.76
full_1200_442,QBA1156_11.JPG,1156,0.93
full_1200_443,QBA1156_2.JPG,1156,0.9
full_1200_444,QBA1156_5.JPG,9917,0.75
full_1200_445,QBA1156_6.JPG,9917,0.58
full_1200_446,QBA1156_8.JPG,1156,0.9
full_1200_447,SDB1001_1.JPG,1001,0.95
full_1200_448,SDB1001_2.JPG,1001,0.95
full_1200_449,SDB1002_1.JPG,1002,0.91
full_1200_450,SDB1002_2.JPG,1002,0.89
full_1200_451,SDB1003.JPG,1003,0.95
full_1200_452,SDB1004.JPG,1004,0.92
full_1200_453,SDB1005.JPG,1005,0.93
full_1200_454,SDB1006.JPG,1006,0.93
full_1200_455,SDB1007.JPG,1007,0.94
full_1200_456,SDB1008.JPG,1008,0.93
full_1200_457,SDB1009.JPG,1009,0.92
full_1200_458,SDB1009_1.JPG,1009,0.95
full_1200_459,SDB1010.JPG,1010,0.92
full_1200_460,SDB1011.JPG,1011,0.94
full_1200_461,SDB1012.JPG,1012,0.94
full_1200_462,SDB1013.JPG,1013,0.93
full_1200_463,SDB1014.JPG,1014,0.92
full_1200_464,SDB1015.JPG,1015,0.92
full_1200_465,SDB1016.JPG,1016,0.92
full_1200_466,SDB1017.JPG,1017,0.95
full_1200_467,SDB1018.JPG,1018,0.95
full_1200_468,SDB1018a.JPG,1018,0.88
full_1200_469,SDB1019.JPG,1019,0.94
full_1200_470,SDB1020.JPG,1020,0.94
full_1200_471,SDB1021.JPG,1021,0.92
full_1200_472,SDB1022.JPG,1022,0.94
full_1200_473,SDB1022_1.JPG,1022,0.94
full_1200_474,SDB1024.JPG,1024,0.94
full_1200_475,SDB1025.JPG,1025,0.95
full_1200_476,SDB1026.JPG,1026,0.92
full_1200_477,SDB1027.JPG,1027,0.9
full_1200_478,SDB1028.JPG,1028,0.94
full_1200_479,SDB1029.JPG,1029,0.93
full_1200_480,SDB1030.JPG,1030,0.95
full_1200_481,SDB1031.JPG,1031,0.94
full_1200_482,SDB1031a_1.JPG,1031,0.93
full_1200_483,SDB1031a_2.JPG,1031,0.94
full_1200_484,SDB1032.JPG,1032,0.96
full_1200_485,SDB1033.JPG,1033,0.95
full_1200_486,SDB1034.JPG,1034,0.95
full_1200_487,SDB1035.JPG,1035,0.94
full_1200_488,SDB1035_1.JPG,1035,0.94
full_1200_489,SDB1036.JPG,1036,0.93
full_1200_490,SDB1037_1.JPG,1037,0.87
full_1200_491,SDB1037_2.JPG,1037,0.92
full_1200_492,SDB1038.JPG,1038,0.92
full_1200_493,SDB1039.JPG,1039,0.95
full_1200_494,SDB1039_1.JPG,1039,0.96
full_1200_495,SDB1040.JPG,1040,0.94
full_1200_496,SDB1041.JPG,1041,0.95
full_1200_497,SDB1042.JPG,1042,0.96
full_1200_498,SDB1043.JPG,1043,0.95
full_1200_499,SDB2001.JPG,2001,0.93
full_1200_500,SDB2002.JPG,2002,0.93
full_1200_501,SDB2003.JPG,2003,0.94
full_1200_502,SDB2004.JPG,2004,0.93
full_1200_503,SDB2004_1.JPG,2004,0.94
full_1200_504,SDB2005.JPG,2005,0.93
full_1200_505,SDB2006.JPG,2006,0.94
full_1200_506,SDB2007.JPG,2007,0.93
full_1200_507,SDB2008.JPG,2008,0.91
full_1200_508,SDB2009.JPG,2009,0.93
full_1200_509,SDB2009_1.JPG,2009,0.92
full_1200_510,SDB2009_2.JPG,2009,0.94
full_1200_511,SDB2010.JPG,2010,0.95
full_1200_512,SDB2011.JPG,2011,0.95
full_1200_513,SDB2012.JPG,2012,0.93
full_1200_514,SDB2013.JPG,2013,0.95
full_1200_515,SDB2014.JPG,2014,0.94
full_1200_516,SDB2015.JPG,2015,0.94
full_1200_517,SDB2016.JPG,2016,0.94
full_1200_518,SDB2017.JPG,2017,0.95
full_1200_519,SDB2018.JPG,2018,0.94
full_1200_520,SDB2019.JPG,2019,0.92
full_1200_521,SDB2020.JPG,2020,0.94
full_1200_522,SDB2021.JPG,!SDB2021.JPG,0.0
full_1200_523,SDB2021_1.JPG,2021,0.93
full_1200_524,SDB2022.JPG,2022,0.92
full_1200_525,SDB2023.JPG,2023,0.93
full_1200_526,SDB2023_1.JPG,2023,0.92
full_1200_527,SDB2024.JPG,2024,0.93
full_1200_528,SDB2025.JPG,2025,0.93
full_1200_529,SDB2026.JPG,2026,0.92
full_1200_530,SDB2027_1.JPG,2027,0.93
full_1200_531,SDB2027_2.JPG,2027,0.94
full_1200_532,SDB2028.JPG,2028,0.93
full_1200_533,SDB2028a.JPG,2028,0.93
full_1200_534,SDB2029.JPG,2029,0.92
full_1200_535,SDB2030.JPG,2030,0.94
full_1200_536,SDB2031.JPG,2031,0.95
full_1200_537,SDB2032.JPG,2032,0.91
full_1200_538,SDB2033.JPG,2033,0.92
full_1200_539,SDB2034.JPG,2034,0.94
full_1200_540,SDB2035.JPG,2035,0.95
full_1200_541,SDB2036.JPG,2036,0.93
full_1200_542,SDB2037.JPG,2037,0.93
full_1200_543,SDB2037_1.JPG,2037,0.95
full_1200_544,SDB2038.JPG,2038,0.93
full_1200_545,SDB2039.JPG,2039,0.94
full_1200_546,SDB2040.JPG,2040,0.93
full_1200_547,SDB2041.JPG,2041,0.89
full_1200_548,SDB2042.JPG,2042,0.93
full_1200_549,SDB226.JPG,0226,0.92
full_1200_550,SDB272.JPG,0770,0.79
full_1200_551,SDB274.JPG,0274,0.93
full_1200_552,SDB274_1.JPG,0274,0.94
full_1200_553,SDB274_2.JPG,0274,0.93
full_1200_554,SDB275.JPG,0275,0.92
full_1200_555,SDB276.JPG,0276,0.93
full_1200_556,SDB277.JPG,0277,0.89
full_1200_557,SDB278.JPG,0278,0.91
full_1200_558,SDB279.JPG,0279,0.94
full_1200_559,SDB280.JPG,0280,0.94
full_1200_560,SDB281.JPG,0281,0.94
full_1200_561,SDB282.JPG,0282,0.93
full_1200_562,SDB283.JPG,0283,0.93
full_1200_563,SDB284.JPG,0284,0.95
full_1200_564,SDB284_1.JPG,0284,0.94
full_1200_565,SDB284_2.JPG,0284,0.93
full_1200_566,SDB285.JPG,0285,0.92
full_1200_567,SDB286.JPG,0286,0.94
full_1200_568,SDB286_1.JPG,0286,0.95
full_1200_569,SDB289.JPG,0289,0.93
full_1200_570,SDB295.JPG,0295,0.92
full_1200_571,TUL001.JPG,0001,0.89
full_1200_572,TUL001_1.JPG,0001,0.87
full_1200_573,TUL002.JPG,0002,0.93
full_1200_574,TUL002_1.JPG,0002,0.94
full_1200_575,TUL003.JPG,0003,0.96
full_1200_576,TUL003_1.JPG,0003,0.95
full_1200_577,TUL004.JPG,0004,0.97
full_1200_578,TUL004_1.JPG,0004,0.96
full_1200_579,TUL004_2.JPG,0005,0.93
full_1200_580,TUL005.JPG,0005,0.91
full_1200_581,TUL005_1.JPG,0005,0.89
full_1200_582,TUL006.JPG,0006,0.92
full_1200_583,TUL006_1.JPG,0006,0.87
full_1200_584,TUL006_2.JPG,!TUL006_2.JPG,0.5
full_1200_585,TUL007.JPG,0007,0.93
full_1200_586,TUL007_2.JPG,0007,0.93
full_1200_587,TUL008.JPG,0008,0.95
full_1200_588,TUL008_1.JPG,0008,0.95
full_1200_589,TUL008_2.JPG,0008,0.81
full_1200_590,TUL008_3.JPG,0008,0.86
full_1200_591,TUL009.JPG,0009,0.91
full_1200_592,TUL009_1.JPG,0009,0.91
full_1200_593,TUL009_2.JPG,0912,0.86
full_1200_594,TUL010.JPG,0010,0.87
full_1200_595,TUL011.JPG,0011,0.95
full_1200_596,TUL011_1.JPG,0011,0.91
full_1200_597,TUL012.JPG,0012,0.94
full_1200_598,TUL012_1.JPG,0012,0.94
full_1200_599,TUL012_2.JPG,0012,0.93
full_1200_600,TUL012_3.JPG,0012,0.94
full_1200_601,TUL012_4.JPG,0012,0.94
full_1200_602,TUL012_5.JPG,0012,0.93
full_1200_603,TUL013.JPG,0013,0.94
full_1200_604,TUL013_1.JPG,0013,0.94
full_1200_605,TUL014.JPG,0014,0.95
full_1200_606,TUL014_1.JPG,0014,0.95
full_1200_607,TUL014_2.JPG,0014,0.93
full_1200_608,TUL014_3.JPG,!TUL014_3.JPG,0.0
full_1200_609,TUL014_5.JPG,0014,0.92
full_1200_610,TUL015.JPG,0075,0.85
full_1200_611,TUL015_1.JPG,0015,0.93
full_1200_612,TUL015_2.JPG,0015,0.9
full_1200_613,TUL015_3.JPG,0015,0.91
full_1200_614,TUL016.JPG,0006,0.33
full_1200_615,TUL016_1.JPG,!TUL016_1.JPG,0.0
full_1200_616,TUL016_2.JPG,!TUL016_2.JPG,0.0
full_1200_617,TUL016_3.JPG,!TUL016_3.JPG,0.0
full_1200_618,TUL016_4.JPG,!TUL016_4.JPG,0.0
full_1200_619,TUL016_5.JPG,0016,0.86
full_1200_620,TUL017.JPG,0017,0.94
full_1200_621,TUL017_1.JPG,0017,0.94
full_1200_622,TUL017_2.JPG,0017,0.91
full_1200_623,TUL017_3.JPG,0017,0.93
full_1200_624,TUL018.JPG,0018,0.94
full_1200_625,TUL018_1.JPG,0018,0.97
full_1200_626,TUL019.JPG,0019,0.93
full_1200_627,TUL019_1.JPG,0019,0.93
full_1200_628,TUL019_2.JPG,0019,0.92
full_1200_629,TUL020.JPG,0020,0.92
full_1200_630,TUL020_1.JPG,0020,0.9
full_1200_631,TUL021.JPG,0021,0.94
full_1200_632,TUL021_1.JPG,0021,0.92
full_1200_633,TUL021_2.JPG,!TUL021_2.JPG,0.0
full_1200_634,TUL021_3.JPG,!TUL021_3.JPG,0.0
full_1200_635,TUL021_4.JPG,!TUL021_4.JPG,0.0
full_1200_636,TUL021_5.JPG,!TUL021_5.JPG,0.0
full_1200_637,TUL021_6.JPG,!TUL021_6.JPG,0.0
full_1200_638,TUL022.JPG,0022,0.92
full_1200_639,TUL022_1.JPG,0022,0.94
full_1200_640,TUL022_2.JPG,0022,0.89
full_1200_641,TUL023.JPG,1223,0.86
full_1200_642,TUL023_1.JPG,0023,0.96
full_1200_643,TUL023_2.JPG,0023,0.94
full_1200_644,TUL023_3.JPG,0023,0.94
full_1200_645,TUL023_4.JPG,0023,0.93
full_1200_646,TUL023_5.JPG,0023,0.94
full_1200_647,TUL023_6.JPG,0023,0.93
full_1200_648,TUL024.JPG,0024,0.95
full_1200_649,TUL024_1.JPG,0024,0.94
full_1200_650,TUL024_2.JPG,0024,0.96
full_1200_651,TUL024_3.JPG,0024,0.92
full_1200_652,TUL025.JPG,0025,0.9
full_1200_653,TUL025_1.JPG,0025,0.92
full_1200_654,TUL025_2.JPG,0025,0.9
full_1200_655,TUL025_3.JPG,0025,0.9
full_1200_656,TUL025_4.JPG,0025,0.9
full_1200_657,TUL025_5.JPG,0025,0.93
full_1200_658,TUL026.JPG,0026,0.91
full_1200_659,TUL026_1.JPG,0026,0.8
full_1200_660,TUL026_2.JPG,0026,0.59
full_1200_661,TUL027.JPG,0027,0.88
full_1200_662,TUL027_1.JPG,0027,0.93
full_1200_663,TUL028.JPG,0028,0.95
full_1200_664,TUL028_1.JPG,0028,0.95
full_1200_665,TUL028_2.JPG,0028,0.95
full_1200_666,TUL028_3.JPG,0028,0.94
full_1200_667,TUL029.JPG,0029,0.93
full_1200_668,TUL030.JPG,0030,0.95
full_1200_669,TUL030_1.JPG,0030,0.95
full_1200_670,TUL030_2.JPG,0030,0.95
full_1200_671,TUL030_3.JPG,0030,0.94
full_1200_672,TUL031.JPG,0031,0.94
full_1200_673,TUL031_1.JPG,0031,0.95
full_1200_674,TUL031_2.JPG,0031,0.93
full_1200_675,TUL031_3.JPG,!TUL031_3.JPG,0.0
full_1200_676,TUL032.JPG,0032,0.96
full_1200_677,TUL032_1.JPG,0032,0.95
full_1200_678,TUL032_3.JPG,0032,0.94
full_1200_679,TUL032_4.JPG,0032,0.94
full_1200_680,TUL033.JPG,0033,0.95
full_1200_681,TUL033_1.JPG,0033,0.95
full_1200_682,TUL034.JPG,0034,0.96
full_1200_683,TUL034_1.JPG,0034,0.96
full_1200_684,TUL034_2.JPG,0034,0.96
full_1200_685,TUL034_3.JPG,0034,0.93
full_1200_686,TUL034_4.JPG,0034,0.96
full_1200_687,TUL035.JPG,0035,0.93
full_1200_688,TUL035_1.JPG,0035,0.95
full_1200_689,TUL035_2.JPG,0035,0.93
full_1200_690,TUL035_3.JPG,0035,0.94
full_1200_691,TUL035_4.JPG,0035,0.94
full_1200_692,TUL036.JPG,0036,0.93
full_1200_693,TUL036_1.JPG,0036,0.92
full_1200_694,TUL036_2.JPG,0036,0.9
full_1200_695,TUL038.JPG,0038,0.93
full_1200_696,TUL038_1.JPG,0038,0.94
full_1200_697,TUL039.JPG,0039,0.94
full_1200_698,TUL039_1.JPG,0039,0.94
full_1200_699,TUL039_2.JPG,0039,0.91
full_1200_700,TUL039_3.JPG,0039,0.9
full_1200_701,TUL039_4.JPG,0039,0.89
full_1200_702,TUL040.JPG,0040,0.94
full_1200_703,TUL040_1.JPG,0040,0.94
full_1200_704,TUL040_2.JPG,0040,0.72
full_1200_705,TUL040_3.JPG,0040,0.93
full_1200_706,TUL040_4.JPG,0040,0.95
full_1200_707,TUL040_5.JPG,0040,0.92
full_1200_708,TUL040_6.JPG,0040,0.93
full_1200_709,TUL040_7.JPG,0040,0.95
full_1200_710,TUL041.JPG,0041,0.95
full_1200_711,TUL041_1.JPG,0041,0.96
full_1200_712,TUL041_2.JPG,0041,0.95
full_1200_713,TUL042.JPG,0042,0.94
full_1200_714,TUL042_1.JPG,0042,0.95
full_1200_715,TUL042_3.JPG,0042,0.94
full_1200_716,TUL042_4.JPG,0042,0.93
full_1200_717,TUL042_5.JPG,0042,0.94
full_1200_718,TUL043.JPG,0043,0.95
full_1200_719,TUL043_1.JPG,0043,0.96
full_1200_720,TUL043_2.JPG,0043,0.94
full_1200_721,TUL043_3.JPG,0043,0.94
full_1200_722,TUL044.JPG,0044,0.95
full_1200_723,TUL044_1.JPG,0044,0.93
full_1200_724,TUL044_2.JPG,!TUL044_2.JPG,0.0
full_1200_725,TUL044_3.JPG,!TUL044_3.JPG,0.0
full_1200_726,TUL044_4.JPG,4412,0.89
full_1200_727,TUL044_5.JPG,0044,0.96
full_1200_728,TUL045.JPG,0045,0.94
full_1200_729,TUL045_1.JPG,0045,0.94
full_1200_730,TUL045_2.JPG,0045,0.91
full_1200_731,TUL045_3.JPG,0045,0.93
full_1200_732,TUL045_4.JPG,0045,0.93
full_1200_733,TUL045_5.JPG,0045,0.89
full_1200_734,TUL046.JPG,0046,0.96
full_1200_735,TUL046_1.JPG,0046,0.95
full_1200_736,TUL046_2.JPG,0046,0.97
full_1200_737,TUL046_3.JPG,0046,0.94
full_1200_738,TUL047.JPG,0047,0.89
full_1200_739,TUL047_1.JPG,0047,0.93
full_1200_740,TUL048.JPG,0048,0.92
full_1200_741,TUL048_1.JPG,0048,0.95
full_1200_742,TUL049.JPG,0049,0.91
full_1200_743,TUL049_1.JPG,0049,0.94
full_1200_744,TUL050.JPG,0050,0.92
full_1200_745,TUL050_1.JPG,0050,0.94
full_1200_746,TUL051.JPG,0051,0.93
full_1200_747,TUL051_1.JPG,0051,0.94
full_1200_748,TUL051_2.JPG,0051,0.91
full_1200_749,TUL052.JPG,0052,0.94
full_1200_750,TUL052_1.JPG,0052,0.92
full_1200_751,TUL052_2.JPG,0052,0.9
full_1200_752,TUL052_3.JPG,0052,0.92
full_1200_753,TUL053.JPG,0053,0.95
full_1200_754,TUL053_1.JPG,0053,0.94
full_1200_755,TUL053_2.JPG,0053,0.95
full_1200_756,TUL054.JPG,0054,0.92
full_1200_757,TUL054_1.JPG,0054,0.92
full_1200_758,TUL054_2.JPG,0054,0.94
full_1200_759,TUL055.JPG,0055,0.9
full_1200_760,TUL055_1.JPG,0055,0.9
full_1200_761,TUL055_10.JPG,!TUL055_10.JPG,0.0
full_1200_762,TUL055_3.JPG,!TUL055_3.JPG,0.0
full_1200_763,TUL055_6.JPG,!TUL055_6.JPG,0.0
full_1200_764,TUL055_9.JPG,!TUL055_9.JPG,0.0
full_1200_765,TUL056.JPG,0056,0.93
full_1200_766,TUL056_1.JPG,0056,0.93
full_1200_767,TUL056_2.JPG,0056,0.91
full_1200_768,TUL056_3.JPG,0056,0.9
full_1200_769,TUL056_4.JPG,0056,0.93
full_1200_770,TUL057.JPG,0057,0.95
full_1200_771,TUL057_1.JPG,0057,0.92
full_1200_772,TUL057_2.JPG,0057,0.92
full_1200_773,TUL057_3.JPG,0057,0.92
full_1200_774,TUL058.JPG,0058,0.93
full_1200_775,TUL058_1.JPG,0058,0.92
full_1200_776,TUL058_2.JPG,0058,0.93
full_1200_777,TUL058_3.JPG,0058,0.93
full_1200_778,TUL058_4.JPG,0058,0.93
full_1200_779,TUL058_5.JPG,0005,0.55
full_1200_780,TUL058_6.JPG,0058,0.94
full_1200_781,TUL058_7.JPG,0058,0.92
full_1200_782,TUL058_8.JPG,0058,0.92
full_1200_783,TUL058_9.JPG,0058,0.94
full_1200_784,TUL059.JPG,0059,0.93
full_1200_785,TUL059_1.JPG,0059,0.92
full_1200_786,TUL059_2.JPG,0059,0.91
full_1200_787,TUL059_3.JPG,0059,0.9
full_1200_788,TUL060.JPG,0060,0.92
full_1200_789,TUL060_1.JPG,0060,0.91
full_1200_790,TUL060_2.JPG,0060,0.94
full_1200_791,TUL061.JPG,0061,0.87
full_1200_792,TUL061_1.JPG,0061,0.87
full_1200_793,TUL062.JPG,0062,0.94
full_1200_794,TUL063.JPG,0063,0.93
full_1200_795,TUL063_1.JPG,0063,0.93
full_1200_796,TUL064.JPG,0064,0.94
full_1200_797,TUL065.JPG,0065,0.9
full_1200_798,TUL065_1.JPG,0065,0.88
full_1200_799,TUL065_2.JPG,0065,0.94
full_1200_800,TUL065_3.JPG,0065,0.93
full_1200_801,TUL066.JPG,0066,0.92
full_1200_802,TUL066_1.JPG,0066,0.91
full_1200_803,TUL066_2.JPG,0066,0.92
full_1200_804,TUL066_3.JPG,0066,0.92
full_1200_805,TUL067.JPG,0067,0.94
full_1200_806,TUL067_1.JPG,0067,0.95
full_1200_807,TUL067_2.JPG,0067,0.91
full_1200_808,TUL067_3.JPG,0067,0.89
full_1200_809,TUL067_4.JPG,0067,0.93
full_1200_810,TUL067_5.JPG,0067,0.94
full_1200_811,TUL068.JPG,0068,0.93
full_1200_812,TUL068_1.JPG,0068,0.92
full_1200_813,TUL068_2.JPG,0068,0.85
full_1200_814,TUL068_3.JPG,0068,0.91
full_1200_815,TUL068_4.JPG,0068,0.87
full_1200_816,TUL068_5.JPG,0068,0.9
full_1200_817,TUL068_6.JPG,0068,0.94
full_1200_818,TUL068_7.JPG,0068,0.93
full_1200_819,TUL069.JPG,0069,0.93
full_1200_820,TUL069_1.JPG,0069,0.91
full_1200_821,TUL070.JPG,0070,0.92
full_1200_822,TUL070_1.JPG,0070,0.91
full_1200_823,TUL070_2.JPG,0070,0.93
full_1200_824,TUL070_3.JPG,0070,0.91
full_1200_825,TUL070_4.JPG,0070,0.9
full_1200_826,TUL071.JPG,0071,0.92
full_1200_827,TUL071_1.JPG,0071,0.92
full_1200_828,TUL071_2.JPG,0071,0.94
full_1200_829,TUL071_3.JPG,0071,0.94
full_1200_830,TUL071_4.JPG,0071,0.94
full_1200_831,TUL071_5.JPG,0071,0.87
full_1200_832,TUL071_6.JPG,0071,0.89
full_1200_833,TUL072.JPG,0072,0.94
full_1200_834,TUL072_1.JPG,0072,0.93
full_1200_835,TUL072_2.JPG,0072,0.92
full_1200_836,TUL072_3.JPG,0072,0.93
full_1200_837,TUL072_4.JPG,0072,0.92
full_1200_838,TUL072_5.JPG,0072,0.91
full_1200_839,TUL073.JPG,0073,0.93
full_1200_840,TUL073_1.JPG,0073,0.93
full_1200_841,TUL073_2.JPG,0073,0.94
full_1200_842,TUL073_3.JPG,0073,0.96
full_1200_843,TUL074.JPG,0074,0.96
full_1200_844,TUL074_1.JPG,0074,0.93
full_1200_845,TUL075.JPG,0075,0.91
full_1200_846,TUL075_1.JPG,!TUL075_1.JPG,0.0
full_1200_847,TUL075_2.JPG,0126,0.52
full_1200_848,TUL075_3.JPG,!TUL075_3.JPG,0.0
full_1200_849,TUL076.JPG,0076,0.93
full_1200_850,TUL076_1.JPG,0009,0.93
full_1200_851,TUL076_2.JPG,0076,0.91
full_1200_852,TUL076_3.JPG,0076,0.9
full_1200_853,TUL077.JPG,0077,0.88
full_1200_854,TUL077_1.JPG,0077,0.9
full_1200_855,TUL078.JPG,0078,0.9
full_1200_856,TUL078_1.JPG,0078,0.94
full_1200_857,TUL078_2.JPG,0078,0.94
full_1200_858,TUL079.JPG,0079,0.91
full_1200_859,TUL079_1.JPG,0079,0.9
full_1200_860,TUL079_2.JPG,0079,0.85
full_1200_861,TUL080.JPG,0080,0.92
full_1200_862,TUL080_1.JPG,0080,0.91
full_1200_863,TUL081.JPG,0081,0.95
full_1200_864,TUL081_1.JPG,0081,0.96
full_1200_865,TUL081_2.JPG,0081,0.87
full_1200_866,TUL081_3.JPG,0081,0.92
full_1200_867,TUL082.JPG,0082,0.93
full_1200_868,TUL082_1.JPG,0082,0.92
full_1200_869,TUL082_2.JPG,0082,0.92
full_1200_870,TUL082_3.JPG,0082,0.94
full_1200_871,TUL082_4.JPG,0082,0.94
full_1200_872,TUL082_5.JPG,0082,0.93
full_1200_873,TUL082_6.JPG,0082,0.92
full_1200_874,TUL083.JPG,0083,0.94
full_1200_875,TUL083_1.JPG,0083,0.92
full_1200_876,TUL083_2.JPG,0083,0.95
full_1200_877,TUL083_3.JPG,0083,0.95
full_1200_878,TUL084.JPG,0084,0.94
full_1200_879,TUL084_1.JPG,0084,0.93
full_1200_880,TUL085.JPG,0085,0.9
full_1200_881,TUL085_1.JPG,0085,0.93
full_1200_882,TUL085_2.JPG,0085,0.94
full_1200_883,TUL086.JPG,0086,0.94
full_1200_884,TUL086_1.JPG,0086,0.94
full_1200_885,TUL086_2.JPG,0086,0.96
full_1200_886,TUL086_3.JPG,0086,0.89
full_1200_887,TUL086_4.JPG,0086,0.86
full_1200_888,TUL086_5.JPG,0086,0.8
full_1200_889,TUL086_6.JPG,0086,0.94
full_1200_890,TUL086_7.JPG,0086,0.88
full_1200_891,TUL087.JPG,0087,0.93
full_1200_892,TUL087_1.JPG,0087,0.93
full_1200_893,TUL087_2.JPG,0087,0.92
full_1200_894,TUL087_3.JPG,0087,0.92
full_1200_895,TUL087_4.JPG,0087,0.93
full_1200_896,TUL088.JPG,0088,0.93
full_1200_897,TUL089.JPG,0089,0.91
full_1200_898,TUL089_1.JPG,0089,0.91
full_1200_899,TUL089_2.JPG,0089,0.93
full_1200_900,TUL090.JPG,0090,0.89
full_1200_901,TUL090_1.JPG,0090,0.92
full_1200_902,TUL090_2.JPG,0090,0.89
full_1200_903,TUL090_3.JPG,0090,0.9
full_1200_904,TUL090_4.JPG,0090,0.91
full_1200_905,TUL090_5.JPG,0090,0.9
full_1200_906,TUL091.JPG,0091,0.94
full_1200_907,TUL091_1.JPG,0091,0.96
full_1200_908,TUL091_2.JPG,0091,0.92
full_1200_909,TUL091_3.JPG,0091,0.92
full_1200_910,TUL091_4.JPG,0091,0.94
full_1200_911,TUL091_5.JPG,0091,0.84
full_1200_912,TUL092.JPG,0092,0.94
full_1200_913,TUL093.JPG,0093,0.93
full_1200_914,TUL093_1.JPG,0093,0.93
full_1200_915,TUL094.JPG,0094,0.94
full_1200_916,TUL094_1.JPG,0094,0.95
full_1200_917,TUL094_2.JPG,0094,0.93
full_1200_918,TUL095.JPG,0095,0.86
full_1200_919,TUL095_1.JPG,0095,0.87
full_1200_920,TUL095_2.JPG,0095,0.94
full_1200_921,TUL095_3.JPG,0095,0.84
full_1200_922,TUL096.JPG,0096,0.94
full_1200_923,TUL096_1.JPG,0096,0.92
full_1200_924,TUL096_2.JPG,0096,0.85
full_1200_925,TUL097.JPG,0097,0.94
full_1200_926,TUL097_1.JPG,0097,0.94
full_1200_927,TUL098.JPG,0098,0.93
full_1200_928,TUL098_1.JPG,0098,0.95
full_1200_929,TUL099.JPG,0099,0.94
full_1200_930,TUL099_1.JPG,0099,0.81
full_1200_931,TUL100.JPG,0100,0.92
full_1200_932,TUL100_1.JPG,0100,0.94
full_1200_933,TUL100_2.JPG,0100,0.92
full_1200_934,TUL101.JPG,0101,0.84
full_1200_935,TUL101_1.JPG,0101,0.92
full_1200_936,TUL101_2.JPG,0101,0.93
full_1200_937,TUL102.JPG,0102,0.92
full_1200_938,TUL102_1.JPG,0102,0.93
full_1200_939,TUL103.JPG,0103,0.96
full_1200_940,TUL103_1.JPG,0103,0.92
full_1200_941,TUL103_2.JPG,0103,0.93
full_1200_942,TUL103_3.JPG,0103,0.91
full_1200_943,TUL103_4.JPG,0103,0.92
full_1200_944,TUL104.JPG,0104,0.95
full_1200_945,TUL104_1.JPG,0104,0.9
full_1200_946,TUL104_2.JPG,0104,0.94
full_1200_947,TUL104_3.JPG,0104,0.93
full_1200_948,TUL105.JPG,0105,0.75
full_1200_949,TUL105_1.JPG,0105,0.88
full_1200_950,TUL105_2.JPG,0105,0.89
full_1200_951,TUL800_1.JPG,!TUL800_1.JPG,0.92
full_1200_952,TUL800_6.JPG,0008,0.89
full_1200_953,TUL800_8.JPG,0800,0.93
full_1200_954,TUL801_1.JPG,0801,0.85
full_1200_955,TUL802_1.JPG,0002,0.92
full_1200_956,TUL803_1.JPG,0803,0.93
full_1200_957,TUL803_2.JPG,0803,0.95
full_1200_958,TUL803_3.JPG,0803,0.94
full_1200_959,TUL804_1.JPG,0804,0.95
full_1200_960,TUL804_3.JPG,8010,0.83
full_1200_961,TUL805_2.JPG,0805,0.92
full_1200_962,TUL806.JPG,0806,0.93
full_1200_963,TUL806_2.JPG,0806,0.92
full_1200_964,TUL807_1.JPG,0807,0.92
full_1200_965,TUL807_2.JPG,0827,0.91
full_1200_966,TUL807_4.JPG,0807,0.95
full_1200_967,TUL808_2.JPG,0808,0.92
full_1200_968,TUL808_3.JPG,0808,0.93
full_1200_969,TUL809_1.JPG,0809,0.89
full_1200_970,TUL809_3.JPG,0809,0.93
full_1200_971,TUL809_5.JPG,0809,0.93
full_1200_972,TUL809_7.JPG,0809,0.92
full_1200_973,TUL810_1.JPG,0810,0.92
full_1200_974,TUL810_10.JPG,0810,0.94
full_1200_975,TUL810_2.JPG,0810,0.94
full_1200_976,TUL810_4.JPG,0810,0.94
full_1200_977,TUL810_5.JPG,0810,0.92
full_1200_978,TUL810_6.JPG,!TUL810_6.JPG,0.0
full_1200_979,TUL810_7.JPG,0810,0.94
full_1200_980,TUL811_3.JPG,0811,0.93
full_1200_981,TUL812_1.JPG,0812,0.94
full_1200_982,TUL812_3.JPG,0812,0.93
full_1200_983,TUL812_4.JPG,0812,0.93
full_1200_984,TUL812_5.JPG,0812,0.94
full_1200_985,TUL813_1.JPG,0813,0.91
full_1200_986,TUL813_2.JPG,0813,0.95
full_1200_987,TUL814_1.JPG,0814,0.94
full_1200_988,TUL814_2.JPG,0814,0.92
full_1200_989,TUL814_3.JPG,0814,0.94
full_1200_990,TUL815_2.JPG,0815,0.91
full_1200_991,TUL815_3.JPG,0815,0.93
full_1200_992,TUL815_6.JPG,0815,0.95
full_1200_993,TUL816.JPG,!TUL816.JPG,0.69
full_1200_994,TUL816_1.JPG,0816,0.92
full_1200_995,TUL816_10.JPG,!TUL816_10.JPG,0.0
full_1200_996,TUL816_11.JPG,0816,0.95
full_1200_997,TUL816_12.JPG,0816,0.96
full_1200_998,TUL816_13.JPG,0816,0.96
full_1200_999,TUL816_15.JPG,!TUL816_15.JPG,0.0
full_1200_1000,TUL816_16.JPG,!TUL816_16.JPG,0.0
full_1200_1001,TUL816_19.JPG,!TUL816_19.JPG,0.0
full_1200_1002,TUL816_20.JPG,0816,0.96
full_1200_1003,TUL816_21.JPG,0086,0.89
full_1200_1004,TUL816_3.JPG,!TUL816_3.JPG,0.0
full_1200_1005,TUL816_7.JPG,!TUL816_7.JPG,0.0
full_1200_1006,TUL816_8.JPG,!TUL816_8.JPG,0.0
full_1200_1007,TUL817_1.JPG,0817,0.94
full_1200_1008,TUL818_2.JPG,!TUL818_2.JPG,0.78
full_1200_1009,TUL818_4.JPG,0818,0.95
full_1200_1010,TUL818_6.JPG,0818,0.95
full_1200_1011,TUL818_8.JPG,0818,0.95
full_1200_1012,TUL819_1.JPG,0819,0.92
full_1200_1013,TUL821_1.JPG,0821,0.95
full_1200_1014,TUL821_2.JPG,0082,0.95
full_1200_1015,TUL821_3.JPG,0082,0.92
full_1200_1016,TUL821_4.JPG,0821,0.95
full_1200_1017,TUL822_1.JPG,0822,0.91
full_1200_1018,TUL822_2.JPG,0822,0.92
full_1200_1019,TUL822_3.JPG,0822,0.92
full_1200_1020,TUL823_2.JPG,0921,0.53
full_1200_1021,TUL823_3.JPG,0823,0.95
full_1200_1022,TUL824_1.JPG,0824,0.94
full_1200_1023,TUL824_4.JPG,0824,0.95
full_1200_1024,TUL824_5.JPG,0824,0.93
full_1200_1025,TUL824_6.JPG,0824,0.94
full_1200_1026,TUL825_1.JPG,0825,0.93
full_1200_1027,TUL825_2.JPG,0825,0.9
full_1200_1028,TUL825_3.JPG,0825,0.91
full_1200_1029,TUL826_2.JPG,0826,0.87
full_1200_1030,TUL827.JPG,0827,0.92
full_1200_1031,TUL828_1.JPG,0828,0.94
full_1200_1032,TUL828_2.JPG,0828,0.92
full_1200_1033,TUL828_3.JPG,0828,0.95
full_1200_1034,TUL829.JPG,0829,0.92
full_1200_1035,TUL830_1.JPG,0830,0.93
full_1200_1036,TUL830_2.JPG,0830,0.95
full_1200_1037,TUL830_4.JPG,0830,0.93
full_1200_1038,TUL831.JPG,0831,0.94
full_1200_1039,TUL831_2.JPG,0831,0.94
full_1200_1040,TUL831_4.JPG,0831,0.95
full_1200_1041,TUL831_5.JPG,0831,0.94
full_1200_1042,TUL832_1.JPG,0832,0.95
full_1200_1043,TUL832_2.JPG,0832,0.93
full_1200_1044,TUL833_1.JPG,0833,0.9
full_1200_1045,TUL833_2.JPG,0833,0.91
full_1200_1046,TUL833_4.JPG,0833,0.97
full_1200_1047,TUL834_1.JPG,0834,0.95
full_1200_1048,TUL834_2.JPG,0834,0.93
full_1200_1049,TUL835.JPG,0835,0.95
full_1200_1050,TUL836_1.JPG,0836,0.95
full_1200_1051,TUL836_3.JPG,0836,0.91
full_1200_1052,TUL836_4.JPG,0099,0.45
full_1200_1053,TUL837_1.JPG,0837,0.93
full_1200_1054,TUL837_3.JPG,0837,0.95
full_1200_1055,TUL838_1.JPG,0838,0.92
full_1200_1056,TUL840_2.JPG,0822,0.89
full_1200_1057,TUL840_3.JPG,0840,0.88
full_1200_1058,TUL841_1.JPG,0841,0.9
full_1200_1059,TUL842.JPG,0842,0.8
full_1200_1060,TUL843_1.JPG,0843,0.95
full_1200_1061,TUL843_3.JPG,0084,0.96
full_1200_1062,TUL844_1.JPG,0004,0.77
full_1200_1063,TUL844_2.JPG,0084,0.91
full_1200_1064,TUL845_1.JPG,0845,0.95
full_1200_1065,TUL845_2.JPG,0845,0.95
full_1200_1066,TUL846_1.JPG,0046,0.37
full_1200_1067,TUL847_1.JPG,0847,0.95
full_1200_1068,TUL848_1.JPG,0848,0.94
full_1200_1069,TUL848_3.JPG,0848,0.94
full_1200_1070,TUL848_5.JPG,0848,0.94
full_1200_1071,TUL848_6.JPG,0848,0.94
full_1200_1072,TUL848_7.JPG,0848,0.95
full_1200_1073,TUL849_1.JPG,0849,0.94
full_1200_1074,TUL849_2.JPG,0849,0.9
full_1200_1075,TUL849_3.JPG,0849,0.94
full_1200_1076,TUL849_4.JPG,0849,0.92
full_1200_1077,TUL850_1.JPG,0850,0.88
full_1200_1078,TUL850_3.JPG,0085,0.86
full_1200_1079,TUL850_4.JPG,0850,0.91
full_1200_1080,TUL851 _2.JPG,0851,0.91
full_1200_1081,TUL851 _3.JPG,!TUL851 _3.JPG,0.0
full_1200_1082,TUL851.JPG,0851,0.91
full_1200_1083,TUL851_1.JPG,0851,0.94
full_1200_1084,TUL852 _3.JPG,!TUL852 _3.JPG,0.0
full_1200_1085,TUL852 _5.JPG,0852,0.93
full_1200_1086,TUL852.JPG,0852,0.94
full_1200_1087,TUL852_1.JPG,0852,0.89
full_1200_1088,TUL853_1.JPG,0853,0.93
full_1200_1089,TUL853_3.JPG,!TUL853_3.JPG,0.0
full_1200_1090,TUL853_4.JPG,0853,0.95
full_1200_1091,TUL854 _1.JPG,0084,0.85
full_1200_1092,TUL854 _2.JPG,0854,0.93
full_1200_1093,TUL854 _3.JPG,0854,0.9
full_1200_1094,TUL854 _4.JPG,0854,0.92
full_1200_1095,TUL854.JPG,0854,0.87
full_1200_1096,TUL855 _10.JPG,0855,0.93
full_1200_1097,TUL855 _9.JPG,0855,0.9
full_1200_1098,TUL855.JPG,4855,0.71
full_1200_1099,TUL855_1.JPG,0855,0.87
full_1200_1100,TUL855_3.JPG,0855,0.95
full_1200_1101,TUL855_5.JPG,0855,0.95
full_1200_1102,TUL855_7.JPG,0855,0.89
full_1200_1103,TUL856.JPG,0856,0.89
full_1200_1104,TUL856_7.JPG,0856,0.94
full_1200_1105,TUL857.JPG,0857,0.93
full_1200_1106,TUL858_1.JPG,!TUL858_1.JPG,0.81
full_1200_1107,TUL859.JPG,0859,0.91
full_1200_1108,TUL859_3.JPG,0859,0.93
full_1200_1109,TUL860.JPG,0860,0.93
full_1200_1110,TUL861.JPG,0861,0.93
full_1200_1111,TUL862_1.JPG,0862,0.94
full_1200_1112,TUL862_3.JPG,0862,0.94
full_1200_1113,TUL863.JPG,0863,0.93
full_1200_1114,TUL863_1.JPG,0863,0.92
full_1200_1115,TUL863_2.JPG,0863,0.92
full_1200_1116,TUL864.JPG,0864,0.92
full_1200_1117,TUL864_1.JPG,0864,0.95
full_1200_1118,TUL865 _2.JPG,0865,0.94
full_1200_1119,TUL865 _3.JPG,0013,0.41
full_1200_1120,TUL865_1.JPG,0865,0.9
full_1200_1121,TUL866.JPG,0866,0.93
full_1200_1122,TUL867.JPG,0867,0.91
full_1200_1123,TUL868 _3.JPG,0868,0.93
full_1200_1124,TUL868 _4.JPG,0868,0.94
full_1200_1125,TUL868_1.JPG,0868,0.96
full_1200_1126,TUL868_2.JPG,0868,0.96
full_1200_1127,TUL869_1.JPG,0869,0.95
full_1200_1128,TUL870 _3.JPG,0872,0.83
full_1200_1129,TUL870 _4.JPG,0870,0.92
full_1200_1130,TUL870.JPG,0870,0.96
full_1200_1131,TUL870_1.JPG,0870,0.94
full_1200_1132,TUL871.JPG,0871,0.93
full_1200_1133,TUL871_1.JPG,0871,0.92
full_1200_1134,TUL872.JPG,0872,0.92
full_1200_1135,TUL872_1.JPG,0872,0.92
full_1200_1136,TUL872_10.JPG,0872,0.94
full_1200_1137,TUL872_12.JPG,0872,0.94
full_1200_1138,TUL872_16.JPG,0872,0.93
full_1200_1139,TUL872_18.JPG,0872,0.94
full_1200_1140,TUL872_2.JPG,0872,0.93
full_1200_1141,TUL872_4.JPG,0872,0.95
full_1200_1142,TUL872_6.JPG,0872,0.94
full_1200_1143,TUL872_8.JPG,0872,0.95
full_1200_1144,TUL873.JPG,0873,0.96
full_1200_1145,TUL873_1.JPG,0873,0.95
full_1200_1146,TUL874.JPG,0874,0.94
full_1200_1147,TUL874_1.JPG,0874,0.95
full_1200_1148,TUL875.JPG,0875,0.92
full_1200_1149,TUL875_1.JPG,0875,0.94
full_1200_1150,TUL876.JPG,0876,0.95
full_1200_1151,TUL876_1.JPG,0876,0.93
full_1200_1152,TUL877.JPG,0877,0.94
full_1200_1153,TUL877_1.JPG,0877,0.95
full_1200_1154,TUL878.JPG,0878,0.93
full_1200_1155,TUL878_1.JPG,0878,0.95
full_1200_1156,TUL879_1.JPG,0879,0.93
full_1200_1157,TUL879_2.JPG,0879,0.93
full_1200_1158,TUL879_3.JPG,0879,0.93
full_1200_1159,TUL879_5.JPG,0879,0.94
full_1200_1160,TUL880.JPG,0880,0.94
full_1200_1161,TUL880_1.JPG,0880,0.94
full_1200_1162,TUL881.JPG,0881,0.94
full_1200_1163,TUL881_1.JPG,0881,0.95
full_1200_1164,TUL882.JPG,0882,0.92
full_1200_1165,TUL882_1.JPG,0882,0.92
full_1200_1166,TUL883.JPG,0883,0.96
full_1200_1167,TUL883_1.JPG,0883,0.96
full_1200_1168,TUL884.JPG,0884,0.96
full_1200_1169,TUL884_1.JPG,0884,0.94
full_1200_1170,TUL885.JPG,0885,0.94
full_1200_1171,TUL886.JPG,0886,0.94
full_1200_1172,TUL886_3.JPG,0886,0.94
full_1200_1173,TUL887.JPG,0887,0.96
full_1200_1174,TUL888.JPG,0888,0.94
full_1200_1175,TUL888_1.JPG,0888,0.94
full_1200_1176,TUL889.JPG,0889,0.9
full_1200_1177,TUL889_1.JPG,7688,0.92
full_1200_1178,TUL889_2.JPG,0889,0.94
full_1200_1179,TUL890.JPG,0890,0.7
full_1200_1180,TUL890_1.JPG,!TUL890_1.JPG,0.0
full_1200_1181,TUL891_1.JPG,0891,0.94
full_1200_1182,TUL892.JPG,0892,0.91
full_1200_1183,TUL893.JPG,0893,0.96
full_1200_1184,TUL893_1.JPG,0893,0.94
full_1200_1185,TUL893_10.JPG,0893,0.94
full_1200_1186,TUL893_11.JPG,0893,0.95
full_1200_1187,TUL893_3.JPG,0893,0.96
full_1200_1188,TUL893_5.JPG,0893,0.96
full_1200_1189,TUL893_7.JPG,0893,0.94
full_1200_1190,TUL893_9.JPG,0893,0.94
full_1200_1191,TUL894 _2.JPG,!TUL894 _2.JPG,0.0
full_1200_1192,TUL894_1.JPG,0894,0.93
full_1200_1193,TUL895.JPG,0895,0.85
full_1200_1194,TUL895_1.JPG,!TUL895_1.JPG,0.0
full_1200_1195,TUL896.JPG,0896,0.93
full_1200_1196,TUL896_11.JPG,0896,0.95
full_1200_1197,TUL903_2.JPG,0903,0.89
full_1200_1198,TUL903_5.JPG,0903,0.88
full_1200_1199,TUL920.JPG,9212,0.83
full_1200_1200,TUL920_1.JPG,0076,0.82
